id;nombres;apellidos;doucumento_identidad;fecha_nacimiento;edad;observacion;descripcion_observacion;foto;foto_content_type
1;Loan back-end;withdrawal initiatives;de Relacciones León;2022-07-04T22:28:01;37209;true;Bacon Producto Madera;../fake-data/blob/hipster.png;image/png
2;Algodón;Apartamento Avon;Hormigon;2022-07-04T00:53:32;72281;true;Cantabria programming Navarra;../fake-data/blob/hipster.png;image/png
3;Netherlands Central;Dollar bricks-and-clicks;Canarias Negro Azul;2022-07-04T07:28:22;29833;true;Identidad Paradigma Humano;../fake-data/blob/hipster.png;image/png
4;Gorro Acero Coordinador;generate;Nacional out-of-the-box invoice;2022-07-04T12:50:01;33874;false;efficient Chipre;../fake-data/blob/hipster.png;image/png
5;Camiseta ROI Sabroso;Ensalada;Adelante Pescado;2022-07-04T23:04:36;84108;false;IB Verde España;../fake-data/blob/hipster.png;image/png
6;JSON Parafarmacia;a;Pizza;2022-07-04T07:57:55;63625;false;multi-byte Gráfica generating;../fake-data/blob/hipster.png;image/png
7;open-source;Corporativo nacional redundant;neutral;2022-07-04T22:10:50;23282;false;back-end Guapa;../fake-data/blob/hipster.png;image/png
8;Norwegian Camerún Namibia;payment system bluetooth;Senior Plástico compress;2022-07-04T19:18:43;26866;true;Distrito Sopa up;../fake-data/blob/hipster.png;image/png
9;tangible;Queso Comunidad;Cuentas THX Programable;2022-07-04T18:16:04;25030;true;digital seamless acompasada;../fake-data/blob/hipster.png;image/png
10;virtual Pollo Tunez;synthesizing card Cliente;Música;2022-07-04T02:39:33;73694;true;bifurcada Account Oficial;../fake-data/blob/hipster.png;image/png
